start_url,timestamp,product,url
https://www.flipkart.com/search?q=mobile&otracker=search&otracker1=search&marketplace=FLIPKART&as-show=on&as=off,12/06/2021 09:28:29,"POCO M3 (Power Black, 64 GB)",https://www.flipkart.com/poco-m3-power-black-64-gb/p/itmb49cc10841be2?pid=MOBFZTCUTAYPJHHR&lid=LSTMOBFZTCUTAYPJHHR2ZVC1N&marketplace=FLIPKART&q=mobile&store=tyy&srno=s_1_1&otracker=search&otracker1=search&fm=organic&iid=b9ec8263-cdad-4062-9ea3-92266af04253.MOBFZTCUTAYPJHHR.SEARCH&ppt=None&ppn=None&ssid=61o3730nq80000001623470310550&qH=532c28d5412dd75b
https://www.flipkart.com/search?q=mobile&otracker=search&otracker1=search&marketplace=FLIPKART&as-show=on&as=off,12/06/2021 09:28:29,"realme C21 (Cross Black, 32 GB)",https://www.flipkart.com/realme-c21-cross-black-32-gb/p/itmf4062d3f37c1a?pid=MOBGF489EUA5PEBK&lid=LSTMOBGF489EUA5PEBKOSO80O&marketplace=FLIPKART&q=mobile&store=tyy&srno=s_1_2&otracker=search&otracker1=search&fm=organic&iid=b9ec8263-cdad-4062-9ea3-92266af04253.MOBGF489EUA5PEBK.SEARCH&ppt=None&ppn=None&ssid=61o3730nq80000001623470310550&qH=532c28d5412dd75b
https://www.flipkart.com/search?q=mobile&otracker=search&otracker1=search&marketplace=FLIPKART&as-show=on&as=off,12/06/2021 09:28:29,"realme C21 (Cross Blue, 64 GB)",https://www.flipkart.com/realme-c21-cross-blue-64-gb/p/itmf4062d3f37c1a?pid=MOBGF4895YRNAHFZ&lid=LSTMOBGF4895YRNAHFZ3XABXU&marketplace=FLIPKART&q=mobile&store=tyy&srno=s_1_3&otracker=search&otracker1=search&fm=organic&iid=b9ec8263-cdad-4062-9ea3-92266af04253.MOBGF4895YRNAHFZ.SEARCH&ppt=None&ppn=None&ssid=61o3730nq80000001623470310550&qH=532c28d5412dd75b
https://www.flipkart.com/search?q=mobile&otracker=search&otracker1=search&marketplace=FLIPKART&as-show=on&as=off,12/06/2021 09:28:29,"realme C21 (Cross Black, 64 GB)",https://www.flipkart.com/realme-c21-cross-black-64-gb/p/itmf4062d3f37c1a?pid=MOBGF489G9HRWFZ9&lid=LSTMOBGF489G9HRWFZ9BYFZCR&marketplace=FLIPKART&q=mobile&store=tyy&srno=s_1_4&otracker=search&otracker1=search&fm=organic&iid=b9ec8263-cdad-4062-9ea3-92266af04253.MOBGF489G9HRWFZ9.SEARCH&ppt=None&ppn=None&ssid=61o3730nq80000001623470310550&qH=532c28d5412dd75b
https://www.flipkart.com/search?q=mobile&otracker=search&otracker1=search&marketplace=FLIPKART&as-show=on&as=off,12/06/2021 09:28:29,"Infinix Hot 10 Play (Morandi Green, 64 GB)",https://www.flipkart.com/infinix-hot-10-play-morandi-green-64-gb/p/itm1f660c8716944?pid=MOBGFG7U8PDJFFTJ&lid=LSTMOBGFG7U8PDJFFTJDLSYLK&marketplace=FLIPKART&q=mobile&store=tyy&srno=s_1_5&otracker=search&otracker1=search&fm=organic&iid=b9ec8263-cdad-4062-9ea3-92266af04253.MOBGFG7U8PDJFFTJ.SEARCH&ppt=None&ppn=None&ssid=61o3730nq80000001623470310550&qH=532c28d5412dd75b
https://www.flipkart.com/search?q=mobile&otracker=search&otracker1=search&marketplace=FLIPKART&as-show=on&as=off,12/06/2021 09:28:29,"REDMI 9i (Midnight Black, 64 GB)",https://www.flipkart.com/redmi-9i-midnight-black-64-gb/p/itm0e1018dac2627?pid=MOBFV8RYKWQ3HACE&lid=LSTMOBFV8RYKWQ3HACEV2QOWQ&marketplace=FLIPKART&q=mobile&store=tyy&srno=s_1_6&otracker=search&otracker1=search&fm=organic&iid=b9ec8263-cdad-4062-9ea3-92266af04253.MOBFV8RYKWQ3HACE.SEARCH&ppt=None&ppn=None&ssid=61o3730nq80000001623470310550&qH=532c28d5412dd75b
https://www.flipkart.com/search?q=mobile&otracker=search&otracker1=search&marketplace=FLIPKART&as-show=on&as=off,12/06/2021 09:28:29,"realme Narzo 30A (Laser Blue, 32 GB)",https://www.flipkart.com/realme-narzo-30a-laser-blue-32-gb/p/itma78aeb1d764b5?pid=MOBGYFAXFQYTPYEF&lid=LSTMOBGYFAXFQYTPYEFHEOYGJ&marketplace=FLIPKART&q=mobile&store=tyy&srno=s_1_7&otracker=search&otracker1=search&fm=organic&iid=b9ec8263-cdad-4062-9ea3-92266af04253.MOBGYFAXFQYTPYEF.SEARCH&ppt=None&ppn=None&ssid=61o3730nq80000001623470310550&qH=532c28d5412dd75b
https://www.flipkart.com/search?q=mobile&otracker=search&otracker1=search&marketplace=FLIPKART&as-show=on&as=off,12/06/2021 09:28:29,"realme Narzo 30A (Laser Black, 32 GB)",https://www.flipkart.com/realme-narzo-30a-laser-black-32-gb/p/itma78aeb1d764b5?pid=MOBGYFAXAUENZFU3&lid=LSTMOBGYFAXAUENZFU3JULWX9&marketplace=FLIPKART&q=mobile&store=tyy&srno=s_1_8&otracker=search&otracker1=search&fm=organic&iid=b9ec8263-cdad-4062-9ea3-92266af04253.MOBGYFAXAUENZFU3.SEARCH&ppt=None&ppn=None&ssid=61o3730nq80000001623470310550&qH=532c28d5412dd75b
https://www.flipkart.com/search?q=mobile&otracker=search&otracker1=search&marketplace=FLIPKART&as-show=on&as=off,12/06/2021 09:28:29,"realme Narzo 30A (Laser Black, 64 GB)",https://www.flipkart.com/realme-narzo-30a-laser-black-64-gb/p/itma78aeb1d764b5?pid=MOBGYFAXVHTZUGW6&lid=LSTMOBGYFAXVHTZUGW67OZ3AA&marketplace=FLIPKART&q=mobile&store=tyy&spotlightTagId=BestsellerId_tyy&srno=s_1_9&otracker=search&otracker1=search&fm=organic&iid=b9ec8263-cdad-4062-9ea3-92266af04253.MOBGYFAXVHTZUGW6.SEARCH&ppt=None&ppn=None&ssid=61o3730nq80000001623470310550&qH=532c28d5412dd75b
https://www.flipkart.com/search?q=mobile&otracker=search&otracker1=search&marketplace=FLIPKART&as-show=on&as=off,12/06/2021 09:28:29,"realme C20 (Cool Grey, 32 GB)",https://www.flipkart.com/realme-c20-cool-grey-32-gb/p/itmea1903897436b?pid=MOBGF489SQZCFHYA&lid=LSTMOBGF489SQZCFHYAGB7SDS&marketplace=FLIPKART&q=mobile&store=tyy&srno=s_1_10&otracker=search&otracker1=search&fm=organic&iid=b9ec8263-cdad-4062-9ea3-92266af04253.MOBGF489SQZCFHYA.SEARCH&ppt=None&ppn=None&ssid=61o3730nq80000001623470310550&qH=532c28d5412dd75b
https://www.flipkart.com/search?q=mobile&otracker=search&otracker1=search&marketplace=FLIPKART&as-show=on&as=off,12/06/2021 09:28:29,"Infinix Hot 10 Play (7° Purple, 64 GB)",https://www.flipkart.com/infinix-hot-10-play-7-purple-64-gb/p/itm1f660c8716944?pid=MOBGFG7UWVKZUXS2&lid=LSTMOBGFG7UWVKZUXS24SUVN7&marketplace=FLIPKART&q=mobile&store=tyy&srno=s_1_11&otracker=search&otracker1=search&fm=organic&iid=b9ec8263-cdad-4062-9ea3-92266af04253.MOBGFG7UWVKZUXS2.SEARCH&ppt=None&ppn=None&ssid=61o3730nq80000001623470310550&qH=532c28d5412dd75b
https://www.flipkart.com/search?q=mobile&otracker=search&otracker1=search&marketplace=FLIPKART&as-show=on&as=off,12/06/2021 09:28:29,"Infinix Hot 10 Play (Obsidian Black, 64 GB)",https://www.flipkart.com/infinix-hot-10-play-obsidian-black-64-gb/p/itm1f660c8716944?pid=MOBGFG7UHNMETGEF&lid=LSTMOBGFG7UHNMETGEF3FRNWH&marketplace=FLIPKART&q=mobile&store=tyy&srno=s_1_12&otracker=search&otracker1=search&fm=organic&iid=b9ec8263-cdad-4062-9ea3-92266af04253.MOBGFG7UHNMETGEF.SEARCH&ppt=None&ppn=None&ssid=61o3730nq80000001623470310550&qH=532c28d5412dd75b
https://www.flipkart.com/search?q=mobile&otracker=search&otracker1=search&marketplace=FLIPKART&as-show=on&as=off,12/06/2021 09:28:29,"realme C12 (Power Silver, 32 GB)",https://www.flipkart.com/realme-c12-power-silver-32-gb/p/itm4854d77becc77?pid=MOBFUEPQEEDFBHCE&lid=LSTMOBFUEPQEEDFBHCEUX6BAW&marketplace=FLIPKART&q=mobile&store=tyy&srno=s_1_13&otracker=search&otracker1=search&fm=organic&iid=b9ec8263-cdad-4062-9ea3-92266af04253.MOBFUEPQEEDFBHCE.SEARCH&ppt=None&ppn=None&ssid=61o3730nq80000001623470310550&qH=532c28d5412dd75b
https://www.flipkart.com/search?q=mobile&otracker=search&otracker1=search&marketplace=FLIPKART&as-show=on&as=off,12/06/2021 09:28:29,"REDMI 9i (Nature Green, 64 GB)",https://www.flipkart.com/redmi-9i-nature-green-64-gb/p/itm2e2fcd7b3eb7b?pid=MOBFV8RYNA4FVEH7&lid=LSTMOBFV8RYNA4FVEH7GEI6Y9&marketplace=FLIPKART&q=mobile&store=tyy&srno=s_1_14&otracker=search&otracker1=search&fm=organic&iid=b9ec8263-cdad-4062-9ea3-92266af04253.MOBFV8RYNA4FVEH7.SEARCH&ppt=None&ppn=None&ssid=61o3730nq80000001623470310550&qH=532c28d5412dd75b
https://www.flipkart.com/search?q=mobile&otracker=search&otracker1=search&marketplace=FLIPKART&as-show=on&as=off,12/06/2021 09:28:29,"realme Narzo 20 (Glory Silver, 64 GB)",https://www.flipkart.com/realme-narzo-20-glory-silver-64-gb/p/itm4ac58d879006d?pid=MOBFVEATBBRGJBKH&lid=LSTMOBFVEATBBRGJBKH4OKPVI&marketplace=FLIPKART&q=mobile&store=tyy&srno=s_1_15&otracker=search&otracker1=search&fm=organic&iid=b9ec8263-cdad-4062-9ea3-92266af04253.MOBFVEATBBRGJBKH.SEARCH&ppt=None&ppn=None&ssid=61o3730nq80000001623470310550&qH=532c28d5412dd75b
https://www.flipkart.com/search?q=mobile&otracker=search&otracker1=search&marketplace=FLIPKART&as-show=on&as=off,12/06/2021 09:28:29,"POCO M3 (Cool Blue, 64 GB)",https://www.flipkart.com/poco-m3-cool-blue-64-gb/p/itmc8ec867cb0472?pid=MOBFZTCUDDCTDN3G&lid=LSTMOBFZTCUDDCTDN3GJBLKQ8&marketplace=FLIPKART&q=mobile&store=tyy&srno=s_1_16&otracker=search&otracker1=search&fm=organic&iid=b9ec8263-cdad-4062-9ea3-92266af04253.MOBFZTCUDDCTDN3G.SEARCH&ppt=None&ppn=None&ssid=61o3730nq80000001623470310550&qH=532c28d5412dd75b
https://www.flipkart.com/search?q=mobile&otracker=search&otracker1=search&marketplace=FLIPKART&as-show=on&as=off,12/06/2021 09:28:29,"realme C12 (Power Blue, 32 GB)",https://www.flipkart.com/realme-c12-power-blue-32-gb/p/itm4854d77becc77?pid=MOBFUEPQHDPFKKQT&lid=LSTMOBFUEPQHDPFKKQTOJZTNE&marketplace=FLIPKART&q=mobile&store=tyy&srno=s_1_17&otracker=search&otracker1=search&fm=organic&iid=b9ec8263-cdad-4062-9ea3-92266af04253.MOBFUEPQHDPFKKQT.SEARCH&ppt=None&ppn=None&ssid=61o3730nq80000001623470310550&qH=532c28d5412dd75b
https://www.flipkart.com/search?q=mobile&otracker=search&otracker1=search&marketplace=FLIPKART&as-show=on&as=off,12/06/2021 09:28:29,"REDMI 9 Power (Electric Green, 64 GB)",https://www.flipkart.com/redmi-9-power-electric-green-64-gb/p/itmca7d78e222ed7?pid=MOBFYZ7AVAXXB2TH&lid=LSTMOBFYZ7AVAXXB2THVSNL0U&marketplace=FLIPKART&q=mobile&store=tyy&srno=s_1_18&otracker=search&otracker1=search&fm=organic&iid=b9ec8263-cdad-4062-9ea3-92266af04253.MOBFYZ7AVAXXB2TH.SEARCH&ppt=None&ppn=None&ssid=61o3730nq80000001623470310550&qH=532c28d5412dd75b
https://www.flipkart.com/search?q=mobile&otracker=search&otracker1=search&marketplace=FLIPKART&as-show=on&as=off,12/06/2021 09:28:29,"realme Narzo 20 (Victory Blue, 128 GB)",https://www.flipkart.com/realme-narzo-20-victory-blue-128-gb/p/itm4ac58d879006d?pid=MOBFVEATJGZZNHHA&lid=LSTMOBFVEATJGZZNHHATT972L&marketplace=FLIPKART&q=mobile&store=tyy&srno=s_1_19&otracker=search&otracker1=search&fm=organic&iid=b9ec8263-cdad-4062-9ea3-92266af04253.MOBFVEATJGZZNHHA.SEARCH&ppt=None&ppn=None&ssid=61o3730nq80000001623470310550&qH=532c28d5412dd75b
https://www.flipkart.com/search?q=mobile&otracker=search&otracker1=search&marketplace=FLIPKART&as-show=on&as=off,12/06/2021 09:28:29,"realme Narzo 20 (Victory Blue, 64 GB)",https://www.flipkart.com/realme-narzo-20-victory-blue-64-gb/p/itm4ac58d879006d?pid=MOBFVEATNT2HYSTP&lid=LSTMOBFVEATNT2HYSTPIRZNGI&marketplace=FLIPKART&q=mobile&store=tyy&srno=s_1_20&otracker=search&otracker1=search&fm=organic&iid=b9ec8263-cdad-4062-9ea3-92266af04253.MOBFVEATNT2HYSTP.SEARCH&ppt=None&ppn=None&ssid=61o3730nq80000001623470310550&qH=532c28d5412dd75b
https://www.flipkart.com/search?q=mobile&otracker=search&otracker1=search&marketplace=FLIPKART&as-show=on&as=off,12/06/2021 09:28:29,"GIONEE Max (Red, 32 GB)",https://www.flipkart.com/gionee-max-red-32-gb/p/itm9c57c2a56c825?pid=MOBFUPX9KHUXY9HZ&lid=LSTMOBFUPX9KHUXY9HZD02LUV&marketplace=FLIPKART&q=mobile&store=tyy&srno=s_1_21&otracker=search&otracker1=search&fm=organic&iid=b9ec8263-cdad-4062-9ea3-92266af04253.MOBFUPX9KHUXY9HZ.SEARCH&ppt=None&ppn=None&ssid=61o3730nq80000001623470310550&qH=532c28d5412dd75b
https://www.flipkart.com/search?q=mobile&otracker=search&otracker1=search&marketplace=FLIPKART&as-show=on&as=off,12/06/2021 09:28:29,"POCO M3 (Cool Blue, 128 GB)",https://www.flipkart.com/poco-m3-cool-blue-128-gb/p/itm037b84b46ce23?pid=MOBFZTCUAFE66VCK&lid=LSTMOBFZTCUAFE66VCKGDC8RC&marketplace=FLIPKART&q=mobile&store=tyy&srno=s_1_22&otracker=search&otracker1=search&fm=organic&iid=b9ec8263-cdad-4062-9ea3-92266af04253.MOBFZTCUAFE66VCK.SEARCH&ppt=None&ppn=None&ssid=61o3730nq80000001623470310550&qH=532c28d5412dd75b
https://www.flipkart.com/search?q=mobile&otracker=search&otracker1=search&marketplace=FLIPKART&as-show=on&as=off,12/06/2021 09:28:29,"SAMSUNG Galaxy F41 (Fusion Blue, 128 GB)",https://www.flipkart.com/samsung-galaxy-f41-fusion-blue-128-gb/p/itm4769d0667cdf9?pid=MOBFV5PWG5MGD4CF&lid=LSTMOBFV5PWG5MGD4CFZ8YQJZ&marketplace=FLIPKART&q=mobile&store=tyy&srno=s_1_23&otracker=search&otracker1=search&fm=organic&iid=b9ec8263-cdad-4062-9ea3-92266af04253.MOBFV5PWG5MGD4CF.SEARCH&ppt=None&ppn=None&ssid=61o3730nq80000001623470310550&qH=532c28d5412dd75b
https://www.flipkart.com/search?q=mobile&otracker=search&otracker1=search&marketplace=FLIPKART&as-show=on&as=off,12/06/2021 09:28:29,"GIONEE Max (Black, 32 GB)",https://www.flipkart.com/gionee-max-black-32-gb/p/itm9c57c2a56c825?pid=MOBFUPX9JR5PE7BB&lid=LSTMOBFUPX9JR5PE7BBNYYNAH&marketplace=FLIPKART&q=mobile&store=tyy&srno=s_1_24&otracker=search&otracker1=search&fm=organic&iid=b9ec8263-cdad-4062-9ea3-92266af04253.MOBFUPX9JR5PE7BB.SEARCH&ppt=None&ppn=None&ssid=61o3730nq80000001623470310550&qH=532c28d5412dd75b
https://www.flipkart.com/search?q=mobile&otracker=search&otracker1=search&marketplace=FLIPKART&as-show=on&as=off,12/06/2021 09:28:29,"realme C25 (Watery Blue, 64 GB)",https://www.flipkart.com/realme-c25-watery-blue-64-gb/p/itm62d25188ea98a?pid=MOBGFZ7VHNHCA9UH&lid=LSTMOBGFZ7VHNHCA9UHMHHH6R&marketplace=FLIPKART&q=mobile&store=tyy&srno=s_1_25&otracker=search&otracker1=search&fm=organic&iid=b9ec8263-cdad-4062-9ea3-92266af04253.MOBGFZ7VHNHCA9UH.SEARCH&ppt=None&ppn=None&ssid=61o3730nq80000001623470310550&qH=532c28d5412dd75b
https://www.flipkart.com/search?q=mobile&otracker=search&otracker1=search&marketplace=FLIPKART&as-show=on&as=off,12/06/2021 09:28:29,"REDMI Note 9 (Pebble Grey, 64 GB)",https://www.flipkart.com/redmi-note-9-pebble-grey-64-gb/p/itmb9c65ffe0ee74?pid=MOBFU3ZFQ3GAGANG&lid=LSTMOBFU3ZFQ3GAGANG1QDSWB&marketplace=FLIPKART&q=mobile&store=tyy&srno=s_1_26&otracker=search&otracker1=search&fm=organic&iid=b9ec8263-cdad-4062-9ea3-92266af04253.MOBFU3ZFQ3GAGANG.SEARCH&ppt=None&ppn=None&ssid=61o3730nq80000001623470310550&qH=532c28d5412dd75b
https://www.flipkart.com/search?q=mobile&otracker=search&otracker1=search&marketplace=FLIPKART&as-show=on&as=off,12/06/2021 09:28:29,"POCO M2 Reloaded (Mostly Blue, 64 GB)",https://www.flipkart.com/poco-m2-reloaded-mostly-blue-64-gb/p/itmc50149a5b8e51?pid=MOBG25SQQBWTVPZS&lid=LSTMOBG25SQQBWTVPZSAGDHGT&marketplace=FLIPKART&q=mobile&store=tyy&srno=s_1_27&otracker=search&otracker1=search&fm=organic&iid=b9ec8263-cdad-4062-9ea3-92266af04253.MOBG25SQQBWTVPZS.SEARCH&ppt=None&ppn=None&ssid=61o3730nq80000001623470310550&qH=532c28d5412dd75b
https://www.flipkart.com/search?q=mobile&otracker=search&otracker1=search&marketplace=FLIPKART&as-show=on&as=off,12/06/2021 09:28:29,SAMSUNG Guru 1200,https://www.flipkart.com/samsung-guru-1200/p/itmeb6w98vmhffjy?pid=MOBDA2CFCQ6CFHTZ&lid=LSTMOBDA2CFCQ6CFHTZJAPFVD&marketplace=FLIPKART&q=mobile&store=tyy&srno=s_1_28&otracker=search&otracker1=search&fm=organic&iid=b9ec8263-cdad-4062-9ea3-92266af04253.MOBDA2CFCQ6CFHTZ.SEARCH&ppt=None&ppn=None&ssid=61o3730nq80000001623470310550&qH=532c28d5412dd75b
https://www.flipkart.com/search?q=mobile&otracker=search&otracker1=search&marketplace=FLIPKART&as-show=on&as=off,12/06/2021 09:28:29,"realme 8 5G (Supersonic Blue, 64 GB)",https://www.flipkart.com/realme-8-5g-supersonic-blue-64-gb/p/itm8a548578d136e?pid=MOBG2CE4NAKFGHAE&lid=LSTMOBG2CE4NAKFGHAEWPE9ZD&marketplace=FLIPKART&q=mobile&store=tyy&srno=s_1_29&otracker=search&otracker1=search&fm=organic&iid=b9ec8263-cdad-4062-9ea3-92266af04253.MOBG2CE4NAKFGHAE.SEARCH&ppt=None&ppn=None&ssid=61o3730nq80000001623470310550&qH=532c28d5412dd75b
https://www.flipkart.com/search?q=mobile&otracker=search&otracker1=search&marketplace=FLIPKART&as-show=on&as=off,12/06/2021 09:28:29,Nokia 105 SS 2021,https://www.flipkart.com/nokia-105-ss-2021/p/itmf0223d31aa045?pid=MOBFH7HQMBAQMGBX&lid=LSTMOBFH7HQMBAQMGBXDLUUKQ&marketplace=FLIPKART&q=mobile&store=tyy&srno=s_1_30&otracker=search&otracker1=search&fm=organic&iid=b9ec8263-cdad-4062-9ea3-92266af04253.MOBFH7HQMBAQMGBX.SEARCH&ppt=None&ppn=None&ssid=61o3730nq80000001623470310550&qH=532c28d5412dd75b
https://www.flipkart.com/search?q=mobile&otracker=search&otracker1=search&marketplace=FLIPKART&as-show=on&as=off,12/06/2021 09:28:29,"realme C25 (Watery Blue, 128 GB)",https://www.flipkart.com/realme-c25-watery-blue-128-gb/p/itm62d25188ea98a?pid=MOBGFZ7VE45TEDSJ&lid=LSTMOBGFZ7VE45TEDSJIA5ISK&marketplace=FLIPKART&q=mobile&store=tyy&srno=s_1_31&otracker=search&otracker1=search&fm=organic&iid=b9ec8263-cdad-4062-9ea3-92266af04253.MOBGFZ7VE45TEDSJ.SEARCH&ppt=None&ppn=None&ssid=61o3730nq80000001623470310550&qH=532c28d5412dd75b
https://www.flipkart.com/search?q=mobile&otracker=search&otracker1=search&marketplace=FLIPKART&as-show=on&as=off,12/06/2021 09:28:29,"realme C25 (Watery Grey, 128 GB)",https://www.flipkart.com/realme-c25-watery-grey-128-gb/p/itm62d25188ea98a?pid=MOBGFZ7VJXYTRF8W&lid=LSTMOBGFZ7VJXYTRF8WQBNK2U&marketplace=FLIPKART&q=mobile&store=tyy&srno=s_1_32&otracker=search&otracker1=search&fm=organic&iid=b9ec8263-cdad-4062-9ea3-92266af04253.MOBGFZ7VJXYTRF8W.SEARCH&ppt=None&ppn=None&ssid=61o3730nq80000001623470310550&qH=532c28d5412dd75b
https://www.flipkart.com/search?q=mobile&otracker=search&otracker1=search&marketplace=FLIPKART&as-show=on&as=off,12/06/2021 09:28:29,"Infinix Smart HD 2021 (Topaz Blue, 32 GB)",https://www.flipkart.com/infinix-smart-hd-2021-topaz-blue-32-gb/p/itm14159edd6bd3d?pid=MOBFY7MZCPZZTXYR&lid=LSTMOBFY7MZCPZZTXYRITXHFI&marketplace=FLIPKART&q=mobile&store=tyy&srno=s_1_33&otracker=search&otracker1=search&fm=organic&iid=b9ec8263-cdad-4062-9ea3-92266af04253.MOBFY7MZCPZZTXYR.SEARCH&ppt=None&ppn=None&ssid=61o3730nq80000001623470310550&qH=532c28d5412dd75b
https://www.flipkart.com/search?q=mobile&otracker=search&otracker1=search&marketplace=FLIPKART&as-show=on&as=off,12/06/2021 09:28:29,"Infinix Smart HD 2021 (Obsidian Black, 32 GB)",https://www.flipkart.com/infinix-smart-hd-2021-obsidian-black-32-gb/p/itm14159edd6bd3d?pid=MOBFY7MZ2EQM4ZSY&lid=LSTMOBFY7MZ2EQM4ZSYACHCKV&marketplace=FLIPKART&q=mobile&store=tyy&srno=s_1_34&otracker=search&otracker1=search&fm=organic&iid=b9ec8263-cdad-4062-9ea3-92266af04253.MOBFY7MZ2EQM4ZSY.SEARCH&ppt=None&ppn=None&ssid=61o3730nq80000001623470310550&qH=532c28d5412dd75b
https://www.flipkart.com/search?q=mobile&otracker=search&otracker1=search&marketplace=FLIPKART&as-show=on&as=off,12/06/2021 09:28:29,"Infinix Smart HD 2021 (Quartz Green, 32 GB)",https://www.flipkart.com/infinix-smart-hd-2021-quartz-green-32-gb/p/itm14159edd6bd3d?pid=MOBFY7MZTGYEA4HT&lid=LSTMOBFY7MZTGYEA4HTCRGN7T&marketplace=FLIPKART&q=mobile&store=tyy&srno=s_1_35&otracker=search&otracker1=search&fm=organic&iid=b9ec8263-cdad-4062-9ea3-92266af04253.MOBFY7MZTGYEA4HT.SEARCH&ppt=None&ppn=None&ssid=61o3730nq80000001623470310550&qH=532c28d5412dd75b
https://www.flipkart.com/search?q=mobile&otracker=search&otracker1=search&marketplace=FLIPKART&as-show=on&as=off,12/06/2021 09:28:29,"Infinix Hot 10 (Amber Red, 128 GB)",https://www.flipkart.com/infinix-hot-10-amber-red-128-gb/p/itm80ea670ef0bfc?pid=MOBFVX6YN68E5ZF3&lid=LSTMOBFVX6YN68E5ZF3FHFQ9K&marketplace=FLIPKART&q=mobile&store=tyy&srno=s_1_36&otracker=search&otracker1=search&fm=organic&iid=b9ec8263-cdad-4062-9ea3-92266af04253.MOBFVX6YN68E5ZF3.SEARCH&ppt=None&ppn=None&ssid=61o3730nq80000001623470310550&qH=532c28d5412dd75b
https://www.flipkart.com/search?q=mobile&otracker=search&otracker1=search&marketplace=FLIPKART&as-show=on&as=off,12/06/2021 09:28:29,"Infinix Hot 10 (Ocean Wave, 128 GB)",https://www.flipkart.com/infinix-hot-10-ocean-wave-128-gb/p/itm80ea670ef0bfc?pid=MOBFVX6YU9Y5HW9J&lid=LSTMOBFVX6YU9Y5HW9JZ6F57Z&marketplace=FLIPKART&q=mobile&store=tyy&srno=s_1_37&otracker=search&otracker1=search&fm=organic&iid=b9ec8263-cdad-4062-9ea3-92266af04253.MOBFVX6YU9Y5HW9J.SEARCH&ppt=None&ppn=None&ssid=61o3730nq80000001623470310550&qH=532c28d5412dd75b
https://www.flipkart.com/search?q=mobile&otracker=search&otracker1=search&marketplace=FLIPKART&as-show=on&as=off,12/06/2021 09:28:29,"SAMSUNG Galaxy F12 (Sky Blue, 64 GB)",https://www.flipkart.com/samsung-galaxy-f12-sky-blue-64-gb/p/itm0319ce24f74aa?pid=MOBGFG79BVGDHGWV&lid=LSTMOBGFG79BVGDHGWVGF2CRI&marketplace=FLIPKART&q=mobile&store=tyy&srno=s_1_38&otracker=search&otracker1=search&fm=organic&iid=b9ec8263-cdad-4062-9ea3-92266af04253.MOBGFG79BVGDHGWV.SEARCH&ppt=None&ppn=None&ssid=61o3730nq80000001623470310550&qH=532c28d5412dd75b
https://www.flipkart.com/search?q=mobile&otracker=search&otracker1=search&marketplace=FLIPKART&as-show=on&as=off,12/06/2021 09:28:29,Nokia 105 DS 2020,https://www.flipkart.com/nokia-105-ds-2020/p/itm47485451fb8ba?pid=MOBFJGSJPJYH6APY&lid=LSTMOBFJGSJPJYH6APYTX6UJB&marketplace=FLIPKART&q=mobile&store=tyy&srno=s_1_39&otracker=search&otracker1=search&fm=organic&iid=b9ec8263-cdad-4062-9ea3-92266af04253.MOBFJGSJPJYH6APY.SEARCH&ppt=None&ppn=None&ssid=61o3730nq80000001623470310550&qH=532c28d5412dd75b
https://www.flipkart.com/search?q=mobile&otracker=search&otracker1=search&marketplace=FLIPKART&as-show=on&as=off,12/06/2021 09:28:29,"REDMI Note 9 (Arctic White, 64 GB)",https://www.flipkart.com/redmi-note-9-arctic-white-64-gb/p/itm4ab07b858925c?pid=MOBFU3ZFXMWJCSHP&lid=LSTMOBFU3ZFXMWJCSHPXQ6FTB&marketplace=FLIPKART&q=mobile&store=tyy&srno=s_1_40&otracker=search&otracker1=search&fm=organic&iid=b9ec8263-cdad-4062-9ea3-92266af04253.MOBFU3ZFXMWJCSHP.SEARCH&ppt=None&ppn=None&ssid=61o3730nq80000001623470310550&qH=532c28d5412dd75b
https://www.flipkart.com/search?q=mobile&otracker=search&otracker1=search&marketplace=FLIPKART&as-show=on&as=off&page=2,12/06/2021 09:28:29,Nokia 105 SS 2021,https://www.flipkart.com/nokia-105-ss-2021/p/itmd2cc089779010?pid=MOBFH7HQXUCWYXMJ&lid=LSTMOBFH7HQXUCWYXMJRPYSVT&marketplace=FLIPKART&q=mobile&store=tyy&srno=s_2_41&otracker=search&otracker1=search&fm=organic&iid=5f30bcd1-021a-44f2-96f0-d8a2a5557b1c.MOBFH7HQXUCWYXMJ.SEARCH&ppt=None&ppn=None&ssid=g4kbd7cpf40000001623470311516&qH=532c28d5412dd75b
https://www.flipkart.com/search?q=mobile&otracker=search&otracker1=search&marketplace=FLIPKART&as-show=on&as=off&page=2,12/06/2021 09:28:29,"POCO X3 (Shadow Gray, 64 GB)",https://www.flipkart.com/poco-x3-shadow-gray-64-gb/p/itm169c3c55dbdbd?pid=MOBFVQJ5Z3GZQQYT&lid=LSTMOBFVQJ5Z3GZQQYTIEISXE&marketplace=FLIPKART&q=mobile&store=tyy&srno=s_2_42&otracker=search&otracker1=search&fm=organic&iid=5f30bcd1-021a-44f2-96f0-d8a2a5557b1c.MOBFVQJ5Z3GZQQYT.SEARCH&ppt=None&ppn=None&ssid=g4kbd7cpf40000001623470311516&qH=532c28d5412dd75b
https://www.flipkart.com/search?q=mobile&otracker=search&otracker1=search&marketplace=FLIPKART&as-show=on&as=off&page=2,12/06/2021 09:28:29,"Infinix Smart 5 (7° Purple, 32 GB)",https://www.flipkart.com/infinix-smart-5-7-purple-32-gb/p/itm8d968c7fe7d88?pid=MOBFZX3HAVZ3KQFW&lid=LSTMOBFZX3HAVZ3KQFWG0XKOM&marketplace=FLIPKART&q=mobile&store=tyy&srno=s_2_43&otracker=search&otracker1=search&fm=organic&iid=5f30bcd1-021a-44f2-96f0-d8a2a5557b1c.MOBFZX3HAVZ3KQFW.SEARCH&ppt=None&ppn=None&ssid=g4kbd7cpf40000001623470311516&qH=532c28d5412dd75b
https://www.flipkart.com/search?q=mobile&otracker=search&otracker1=search&marketplace=FLIPKART&as-show=on&as=off&page=2,12/06/2021 09:28:29,"Infinix Smart 5 (Morandi Green, 32 GB)",https://www.flipkart.com/infinix-smart-5-morandi-green-32-gb/p/itm8d968c7fe7d88?pid=MOBFZX3H2ARU2GHY&lid=LSTMOBFZX3H2ARU2GHY5J5UTT&marketplace=FLIPKART&q=mobile&store=tyy&srno=s_2_44&otracker=search&otracker1=search&fm=organic&iid=5f30bcd1-021a-44f2-96f0-d8a2a5557b1c.MOBFZX3H2ARU2GHY.SEARCH&ppt=None&ppn=None&ssid=g4kbd7cpf40000001623470311516&qH=532c28d5412dd75b
https://www.flipkart.com/search?q=mobile&otracker=search&otracker1=search&marketplace=FLIPKART&as-show=on&as=off&page=2,12/06/2021 09:28:29,"Infinix Smart 5 (Aegean Blue, 32 GB)",https://www.flipkart.com/infinix-smart-5-aegean-blue-32-gb/p/itm8d968c7fe7d88?pid=MOBFZX3HUEEMQUPZ&lid=LSTMOBFZX3HUEEMQUPZT01YKM&marketplace=FLIPKART&q=mobile&store=tyy&srno=s_2_45&otracker=search&otracker1=search&fm=organic&iid=5f30bcd1-021a-44f2-96f0-d8a2a5557b1c.MOBFZX3HUEEMQUPZ.SEARCH&ppt=None&ppn=None&ssid=g4kbd7cpf40000001623470311516&qH=532c28d5412dd75b
https://www.flipkart.com/search?q=mobile&otracker=search&otracker1=search&marketplace=FLIPKART&as-show=on&as=off&page=2,12/06/2021 09:28:29,"Infinix Smart 5 (Obsidian Black, 32 GB)",https://www.flipkart.com/infinix-smart-5-obsidian-black-32-gb/p/itm8d968c7fe7d88?pid=MOBFZX3HGUMVY9ET&lid=LSTMOBFZX3HGUMVY9ETQDQ5MK&marketplace=FLIPKART&q=mobile&store=tyy&srno=s_2_46&otracker=search&otracker1=search&fm=organic&iid=5f30bcd1-021a-44f2-96f0-d8a2a5557b1c.MOBFZX3HGUMVY9ET.SEARCH&ppt=None&ppn=None&ssid=g4kbd7cpf40000001623470311516&qH=532c28d5412dd75b
https://www.flipkart.com/search?q=mobile&otracker=search&otracker1=search&marketplace=FLIPKART&as-show=on&as=off&page=2,12/06/2021 09:28:29,LAVA A1,https://www.flipkart.com/lava-a1/p/itm62f66d4146cb6?pid=MOBFJHGCZ6GYGNSZ&lid=LSTMOBFJHGCZ6GYGNSZYZX2ME&marketplace=FLIPKART&q=mobile&store=tyy&srno=s_2_47&otracker=search&otracker1=search&fm=organic&iid=5f30bcd1-021a-44f2-96f0-d8a2a5557b1c.MOBFJHGCZ6GYGNSZ.SEARCH&ppt=None&ppn=None&ssid=g4kbd7cpf40000001623470311516&qH=532c28d5412dd75b
https://www.flipkart.com/search?q=mobile&otracker=search&otracker1=search&marketplace=FLIPKART&as-show=on&as=off&page=2,12/06/2021 09:28:29,"REDMI 9 Power (Blazing Blue, 64 GB)",https://www.flipkart.com/redmi-9-power-blazing-blue-64-gb/p/itm9533b02ba34ef?pid=MOBFYZ7HHGJUATYD&lid=LSTMOBFYZ7HHGJUATYDFYZRIS&marketplace=FLIPKART&q=mobile&store=tyy&srno=s_2_48&otracker=search&otracker1=search&fm=organic&iid=5f30bcd1-021a-44f2-96f0-d8a2a5557b1c.MOBFYZ7HHGJUATYD.SEARCH&ppt=None&ppn=None&ssid=g4kbd7cpf40000001623470311516&qH=532c28d5412dd75b
https://www.flipkart.com/search?q=mobile&otracker=search&otracker1=search&marketplace=FLIPKART&as-show=on&as=off&page=2,12/06/2021 09:28:29,"Infinix Hot 10 (Moonlight Jade, 128 GB)",https://www.flipkart.com/infinix-hot-10-moonlight-jade-128-gb/p/itm80ea670ef0bfc?pid=MOBFVX6YUY4DZQR2&lid=LSTMOBFVX6YUY4DZQR2NZ8TIT&marketplace=FLIPKART&q=mobile&store=tyy&srno=s_2_49&otracker=search&otracker1=search&fm=organic&iid=5f30bcd1-021a-44f2-96f0-d8a2a5557b1c.MOBFVX6YUY4DZQR2.SEARCH&ppt=None&ppn=None&ssid=g4kbd7cpf40000001623470311516&qH=532c28d5412dd75b
https://www.flipkart.com/search?q=mobile&otracker=search&otracker1=search&marketplace=FLIPKART&as-show=on&as=off&page=2,12/06/2021 09:28:29,"POCO C3 (Arctic Blue, 64 GB)",https://www.flipkart.com/poco-c3-arctic-blue-64-gb/p/itm7f632fdb49b3b?pid=MOBFVQJ5NV9ZSYEF&lid=LSTMOBFVQJ5NV9ZSYEFDNRK58&marketplace=FLIPKART&q=mobile&store=tyy&srno=s_2_50&otracker=search&otracker1=search&fm=organic&iid=5f30bcd1-021a-44f2-96f0-d8a2a5557b1c.MOBFVQJ5NV9ZSYEF.SEARCH&ppt=None&ppn=None&ssid=g4kbd7cpf40000001623470311516&qH=532c28d5412dd75b
https://www.flipkart.com/search?q=mobile&otracker=search&otracker1=search&marketplace=FLIPKART&as-show=on&as=off&page=2,12/06/2021 09:28:29,"MOTOROLA E7 Power (Tahiti Blue, 64 GB)",https://www.flipkart.com/motorola-e7-power-tahiti-blue-64-gb/p/itm93e064e6c1650?pid=MOBFVH62332YBPYH&lid=LSTMOBFVH62332YBPYHSG4GTN&marketplace=FLIPKART&q=mobile&store=tyy&srno=s_2_51&otracker=search&otracker1=search&fm=organic&iid=5f30bcd1-021a-44f2-96f0-d8a2a5557b1c.MOBFVH62332YBPYH.SEARCH&ppt=None&ppn=None&ssid=g4kbd7cpf40000001623470311516&qH=532c28d5412dd75b
https://www.flipkart.com/search?q=mobile&otracker=search&otracker1=search&marketplace=FLIPKART&as-show=on&as=off&page=2,12/06/2021 09:28:29,Nokia TA-1010/105,https://www.flipkart.com/nokia-ta-1010-105/p/itmb460ca8c6c956?pid=MOBEWSZFGGR4QMCE&lid=LSTMOBEWSZFGGR4QMCEDXEWHP&marketplace=FLIPKART&q=mobile&store=tyy&srno=s_2_52&otracker=search&otracker1=search&fm=organic&iid=5f30bcd1-021a-44f2-96f0-d8a2a5557b1c.MOBEWSZFGGR4QMCE.SEARCH&ppt=None&ppn=None&ssid=g4kbd7cpf40000001623470311516&qH=532c28d5412dd75b
https://www.flipkart.com/search?q=mobile&otracker=search&otracker1=search&marketplace=FLIPKART&as-show=on&as=off&page=2,12/06/2021 09:28:29,"REDMI 9 Prime (Mint Green, 64 GB)",https://www.flipkart.com/redmi-9-prime-mint-green-64-gb/p/itm592f555768fff?pid=MOBFUSEP5YQJK4RE&lid=LSTMOBFUSEP5YQJK4REH2ETK3&marketplace=FLIPKART&q=mobile&store=tyy&srno=s_2_53&otracker=search&otracker1=search&fm=organic&iid=5f30bcd1-021a-44f2-96f0-d8a2a5557b1c.MOBFUSEP5YQJK4RE.SEARCH&ppt=None&ppn=None&ssid=g4kbd7cpf40000001623470311516&qH=532c28d5412dd75b
https://www.flipkart.com/search?q=mobile&otracker=search&otracker1=search&marketplace=FLIPKART&as-show=on&as=off&page=2,12/06/2021 09:28:29,"realme 8 5G (Supersonic Black, 128 GB)",https://www.flipkart.com/realme-8-5g-supersonic-black-128-gb/p/itm8a548578d136e?pid=MOBG24GTTRD9XB8X&lid=LSTMOBG24GTTRD9XB8XCHSEML&marketplace=FLIPKART&q=mobile&store=tyy&srno=s_2_54&otracker=search&otracker1=search&fm=organic&iid=5f30bcd1-021a-44f2-96f0-d8a2a5557b1c.MOBG24GTTRD9XB8X.SEARCH&ppt=None&ppn=None&ssid=g4kbd7cpf40000001623470311516&qH=532c28d5412dd75b
https://www.flipkart.com/search?q=mobile&otracker=search&otracker1=search&marketplace=FLIPKART&as-show=on&as=off&page=2,12/06/2021 09:28:29,"realme 8 5G (Supersonic Blue, 128 GB)",https://www.flipkart.com/realme-8-5g-supersonic-blue-128-gb/p/itm8a548578d136e?pid=MOBG24GTQTFDXBBY&lid=LSTMOBG24GTQTFDXBBYSLENA2&marketplace=FLIPKART&q=mobile&store=tyy&srno=s_2_55&otracker=search&otracker1=search&fm=organic&iid=5f30bcd1-021a-44f2-96f0-d8a2a5557b1c.MOBG24GTQTFDXBBY.SEARCH&ppt=None&ppn=None&ssid=g4kbd7cpf40000001623470311516&qH=532c28d5412dd75b
https://www.flipkart.com/search?q=mobile&otracker=search&otracker1=search&marketplace=FLIPKART&as-show=on&as=off&page=2,12/06/2021 09:28:29,"POCO M3 (Yellow, 64 GB)",https://www.flipkart.com/poco-m3-yellow-64-gb/p/itmd1876d904897a?pid=MOBFZTCUPAHJVA94&lid=LSTMOBFZTCUPAHJVA94MERQ6U&marketplace=FLIPKART&q=mobile&store=tyy&srno=s_2_56&otracker=search&otracker1=search&fm=organic&iid=5f30bcd1-021a-44f2-96f0-d8a2a5557b1c.MOBFZTCUPAHJVA94.SEARCH&ppt=None&ppn=None&ssid=g4kbd7cpf40000001623470311516&qH=532c28d5412dd75b
https://www.flipkart.com/search?q=mobile&otracker=search&otracker1=search&marketplace=FLIPKART&as-show=on&as=off&page=2,12/06/2021 09:28:29,"realme 8 5G (Supersonic Blue, 128 GB)",https://www.flipkart.com/realme-8-5g-supersonic-blue-128-gb/p/itm8a548578d136e?pid=MOBG24GT8GPG3G2Y&lid=LSTMOBG24GT8GPG3G2Y5MFCBN&marketplace=FLIPKART&q=mobile&store=tyy&srno=s_2_57&otracker=search&otracker1=search&fm=organic&iid=5f30bcd1-021a-44f2-96f0-d8a2a5557b1c.MOBG24GT8GPG3G2Y.SEARCH&ppt=None&ppn=None&ssid=g4kbd7cpf40000001623470311516&qH=532c28d5412dd75b
https://www.flipkart.com/search?q=mobile&otracker=search&otracker1=search&marketplace=FLIPKART&as-show=on&as=off&page=2,12/06/2021 09:28:29,"realme 8 5G (Supersonic Black, 128 GB)",https://www.flipkart.com/realme-8-5g-supersonic-black-128-gb/p/itm8a548578d136e?pid=MOBG24GTKAAJZZHY&lid=LSTMOBG24GTKAAJZZHYHLQTSQ&marketplace=FLIPKART&q=mobile&store=tyy&srno=s_2_58&otracker=search&otracker1=search&fm=organic&iid=5f30bcd1-021a-44f2-96f0-d8a2a5557b1c.MOBG24GTKAAJZZHY.SEARCH&ppt=None&ppn=None&ssid=g4kbd7cpf40000001623470311516&qH=532c28d5412dd75b
https://www.flipkart.com/search?q=mobile&otracker=search&otracker1=search&marketplace=FLIPKART&as-show=on&as=off&page=2,12/06/2021 09:28:29,"REDMI 9 Power (Mighty Black, 128 GB)",https://www.flipkart.com/redmi-9-power-mighty-black-128-gb/p/itm74c84b4084cc5?pid=MOBGYMD9AVZZH9WX&lid=LSTMOBGYMD9AVZZH9WXVMYAUI&marketplace=FLIPKART&q=mobile&store=tyy&srno=s_2_59&otracker=search&otracker1=search&fm=organic&iid=5f30bcd1-021a-44f2-96f0-d8a2a5557b1c.MOBGYMD9AVZZH9WX.SEARCH&ppt=None&ppn=None&ssid=g4kbd7cpf40000001623470311516&qH=532c28d5412dd75b
https://www.flipkart.com/search?q=mobile&otracker=search&otracker1=search&marketplace=FLIPKART&as-show=on&as=off&page=2,12/06/2021 09:28:29,SAMSUNG Guru 1200,https://www.flipkart.com/samsung-guru-1200/p/itmeb6wxfgbxphcw?pid=MOBDADMTTV7HXGTF&lid=LSTMOBDADMTTV7HXGTFO2W854&marketplace=FLIPKART&q=mobile&store=tyy&srno=s_2_60&otracker=search&otracker1=search&fm=organic&iid=5f30bcd1-021a-44f2-96f0-d8a2a5557b1c.MOBDADMTTV7HXGTF.SEARCH&ppt=None&ppn=None&ssid=g4kbd7cpf40000001623470311516&qH=532c28d5412dd75b
https://www.flipkart.com/search?q=mobile&otracker=search&otracker1=search&marketplace=FLIPKART&as-show=on&as=off&page=2,12/06/2021 09:28:29,"REDMI 9 Power (Mighty Black, 64 GB)",https://www.flipkart.com/redmi-9-power-mighty-black-64-gb/p/itm481ab234a6553?pid=MOBFYZ94UWPWQRNF&lid=LSTMOBFYZ94UWPWQRNFD8SF5T&marketplace=FLIPKART&q=mobile&store=tyy&srno=s_2_61&otracker=search&otracker1=search&fm=organic&iid=5f30bcd1-021a-44f2-96f0-d8a2a5557b1c.MOBFYZ94UWPWQRNF.SEARCH&ppt=None&ppn=None&ssid=g4kbd7cpf40000001623470311516&qH=532c28d5412dd75b
https://www.flipkart.com/search?q=mobile&otracker=search&otracker1=search&marketplace=FLIPKART&as-show=on&as=off&page=2,12/06/2021 09:28:29,Nokia 105 SS,https://www.flipkart.com/nokia-105-ss/p/itm87b964a708d70?pid=MOBFH7HQXPFFCBDJ&lid=LSTMOBFH7HQXPFFCBDJV9O52L&marketplace=FLIPKART&q=mobile&store=tyy&srno=s_2_62&otracker=search&otracker1=search&fm=organic&iid=5f30bcd1-021a-44f2-96f0-d8a2a5557b1c.MOBFH7HQXPFFCBDJ.SEARCH&ppt=None&ppn=None&ssid=g4kbd7cpf40000001623470311516&qH=532c28d5412dd75b
https://www.flipkart.com/search?q=mobile&otracker=search&otracker1=search&marketplace=FLIPKART&as-show=on&as=off&page=2,12/06/2021 09:28:29,"OPPO A12 (Blue, 32 GB)",https://www.flipkart.com/oppo-a12-blue-32-gb/p/itmfc859cdf39e01?pid=MOBFSDDJUUE7MQGG&lid=LSTMOBFSDDJUUE7MQGGZKZAWH&marketplace=FLIPKART&q=mobile&store=tyy&srno=s_2_63&otracker=search&otracker1=search&fm=organic&iid=5f30bcd1-021a-44f2-96f0-d8a2a5557b1c.MOBFSDDJUUE7MQGG.SEARCH&ppt=None&ppn=None&ssid=g4kbd7cpf40000001623470311516&qH=532c28d5412dd75b
https://www.flipkart.com/search?q=mobile&otracker=search&otracker1=search&marketplace=FLIPKART&as-show=on&as=off&page=2,12/06/2021 09:28:29,"OPPO A12 (Black, 32 GB)",https://www.flipkart.com/oppo-a12-black-32-gb/p/itmfc859cdf39e01?pid=MOBFSDDJSMYQY6RS&lid=LSTMOBFSDDJSMYQY6RSCQ8BHN&marketplace=FLIPKART&q=mobile&store=tyy&srno=s_2_64&otracker=search&otracker1=search&fm=organic&iid=5f30bcd1-021a-44f2-96f0-d8a2a5557b1c.MOBFSDDJSMYQY6RS.SEARCH&ppt=None&ppn=None&ssid=g4kbd7cpf40000001623470311516&qH=532c28d5412dd75b
https://www.flipkart.com/search?q=mobile&otracker=search&otracker1=search&marketplace=FLIPKART&as-show=on&as=off&page=2,12/06/2021 09:28:29,"OPPO A12 (Deep Blue, 32 GB)",https://www.flipkart.com/oppo-a12-deep-blue-32-gb/p/itmfc859cdf39e01?pid=MOBFZCPFHAT4RCE8&lid=LSTMOBFZCPFHAT4RCE8CIDDGJ&marketplace=FLIPKART&q=mobile&store=tyy&srno=s_2_65&otracker=search&otracker1=search&fm=organic&iid=5f30bcd1-021a-44f2-96f0-d8a2a5557b1c.MOBFZCPFHAT4RCE8.SEARCH&ppt=None&ppn=None&ssid=g4kbd7cpf40000001623470311516&qH=532c28d5412dd75b
https://www.flipkart.com/search?q=mobile&otracker=search&otracker1=search&marketplace=FLIPKART&as-show=on&as=off&page=2,12/06/2021 09:28:29,"OPPO A12 (Flowing Silver, 32 GB)",https://www.flipkart.com/oppo-a12-flowing-silver-32-gb/p/itmfc859cdf39e01?pid=MOBFZCPF4HDCZKVY&lid=LSTMOBFZCPF4HDCZKVYIH8PZX&marketplace=FLIPKART&q=mobile&store=tyy&srno=s_2_66&otracker=search&otracker1=search&fm=organic&iid=5f30bcd1-021a-44f2-96f0-d8a2a5557b1c.MOBFZCPF4HDCZKVY.SEARCH&ppt=None&ppn=None&ssid=g4kbd7cpf40000001623470311516&qH=532c28d5412dd75b
https://www.flipkart.com/search?q=mobile&otracker=search&otracker1=search&marketplace=FLIPKART&as-show=on&as=off&page=2,12/06/2021 09:28:29,"OPPO A12 (Deep Blue, 64 GB)",https://www.flipkart.com/oppo-a12-deep-blue-64-gb/p/itmfc859cdf39e01?pid=MOBFZCPFGTXCR6K4&lid=LSTMOBFZCPFGTXCR6K4MZ8PJB&marketplace=FLIPKART&q=mobile&store=tyy&srno=s_2_67&otracker=search&otracker1=search&fm=organic&iid=5f30bcd1-021a-44f2-96f0-d8a2a5557b1c.MOBFZCPFGTXCR6K4.SEARCH&ppt=None&ppn=None&ssid=g4kbd7cpf40000001623470311516&qH=532c28d5412dd75b
https://www.flipkart.com/search?q=mobile&otracker=search&otracker1=search&marketplace=FLIPKART&as-show=on&as=off&page=2,12/06/2021 09:28:29,"OPPO A12 (Flowing Silver, 64 GB)",https://www.flipkart.com/oppo-a12-flowing-silver-64-gb/p/itmfc859cdf39e01?pid=MOBGYX8ETQGZZZ27&lid=LSTMOBGYX8ETQGZZZ27QDVWBW&marketplace=FLIPKART&q=mobile&store=tyy&srno=s_2_68&otracker=search&otracker1=search&fm=organic&iid=5f30bcd1-021a-44f2-96f0-d8a2a5557b1c.MOBGYX8ETQGZZZ27.SEARCH&ppt=None&ppn=None&ssid=g4kbd7cpf40000001623470311516&qH=532c28d5412dd75b
https://www.flipkart.com/search?q=mobile&otracker=search&otracker1=search&marketplace=FLIPKART&as-show=on&as=off&page=2,12/06/2021 09:28:29,Nokia TA-1174 / TA-1299,https://www.flipkart.com/nokia-ta-1174-ta-1299/p/itm5f8b39d15e2a3?pid=MOBEWXFKUAXUKQQA&lid=LSTMOBEWXFKUAXUKQQAAPLQRW&marketplace=FLIPKART&q=mobile&store=tyy&srno=s_2_69&otracker=search&otracker1=search&fm=organic&iid=5f30bcd1-021a-44f2-96f0-d8a2a5557b1c.MOBEWXFKUAXUKQQA.SEARCH&ppt=None&ppn=None&ssid=g4kbd7cpf40000001623470311516&qH=532c28d5412dd75b
https://www.flipkart.com/search?q=mobile&otracker=search&otracker1=search&marketplace=FLIPKART&as-show=on&as=off&page=2,12/06/2021 09:28:29,"REDMI 9 Prime (Sunrise Flare, 64 GB)",https://www.flipkart.com/redmi-9-prime-sunrise-flare-64-gb/p/itmbd255e5962722?pid=MOBFUTBVDZHZSG2P&lid=LSTMOBFUTBVDZHZSG2PDEKID5&marketplace=FLIPKART&q=mobile&store=tyy&srno=s_2_70&otracker=search&otracker1=search&fm=organic&iid=5f30bcd1-021a-44f2-96f0-d8a2a5557b1c.MOBFUTBVDZHZSG2P.SEARCH&ppt=None&ppn=None&ssid=g4kbd7cpf40000001623470311516&qH=532c28d5412dd75b
https://www.flipkart.com/search?q=mobile&otracker=search&otracker1=search&marketplace=FLIPKART&as-show=on&as=off&page=2,12/06/2021 09:28:29,"realme C25 (Watery Grey, 64 GB)",https://www.flipkart.com/realme-c25-watery-grey-64-gb/p/itm62d25188ea98a?pid=MOBGFZ7VQJRGH4NE&lid=LSTMOBGFZ7VQJRGH4NEVVSZQF&marketplace=FLIPKART&q=mobile&store=tyy&srno=s_2_71&otracker=search&otracker1=search&fm=organic&iid=5f30bcd1-021a-44f2-96f0-d8a2a5557b1c.MOBGFZ7VQJRGH4NE.SEARCH&ppt=None&ppn=None&ssid=g4kbd7cpf40000001623470311516&qH=532c28d5412dd75b
https://www.flipkart.com/search?q=mobile&otracker=search&otracker1=search&marketplace=FLIPKART&as-show=on&as=off&page=2,12/06/2021 09:28:29,"MOTOROLA G10 Power (Breeze Blue, 64 GB)",https://www.flipkart.com/motorola-g10-power-breeze-blue-64-gb/p/itm8e2997ef47ea5?pid=MOBFVXJ4HJ3TCPUJ&lid=LSTMOBFVXJ4HJ3TCPUJYINLRU&marketplace=FLIPKART&q=mobile&store=tyy&srno=s_2_72&otracker=search&otracker1=search&fm=organic&iid=5f30bcd1-021a-44f2-96f0-d8a2a5557b1c.MOBFVXJ4HJ3TCPUJ.SEARCH&ppt=None&ppn=None&ssid=g4kbd7cpf40000001623470311516&qH=532c28d5412dd75b
https://www.flipkart.com/search?q=mobile&otracker=search&otracker1=search&marketplace=FLIPKART&as-show=on&as=off&page=2,12/06/2021 09:28:29,"REDMI Note 9 (Aqua Green, 64 GB)",https://www.flipkart.com/redmi-note-9-aqua-green-64-gb/p/itme8bb16e02dfa2?pid=MOBFU3ZFAB7VQJHY&lid=LSTMOBFU3ZFAB7VQJHY14W4ET&marketplace=FLIPKART&q=mobile&store=tyy&srno=s_2_73&otracker=search&otracker1=search&fm=organic&iid=5f30bcd1-021a-44f2-96f0-d8a2a5557b1c.MOBFU3ZFAB7VQJHY.SEARCH&ppt=None&ppn=None&ssid=g4kbd7cpf40000001623470311516&qH=532c28d5412dd75b
https://www.flipkart.com/search?q=mobile&otracker=search&otracker1=search&marketplace=FLIPKART&as-show=on&as=off&page=2,12/06/2021 09:28:29,"POCO M3 (Power Black, 128 GB)",https://www.flipkart.com/poco-m3-power-black-128-gb/p/itm7396538c49897?pid=MOBFZTCUKKJEYTR4&lid=LSTMOBFZTCUKKJEYTR4IV53IS&marketplace=FLIPKART&q=mobile&store=tyy&srno=s_2_74&otracker=search&otracker1=search&fm=organic&iid=5f30bcd1-021a-44f2-96f0-d8a2a5557b1c.MOBFZTCUKKJEYTR4.SEARCH&ppt=None&ppn=None&ssid=g4kbd7cpf40000001623470311516&qH=532c28d5412dd75b
https://www.flipkart.com/search?q=mobile&otracker=search&otracker1=search&marketplace=FLIPKART&as-show=on&as=off&page=2,12/06/2021 09:28:29,"REDMI 9i (Sea Blue, 64 GB)",https://www.flipkart.com/redmi-9i-sea-blue-64-gb/p/itmfb30d06b478fc?pid=MOBFV8RYTHGA8BY9&lid=LSTMOBFV8RYTHGA8BY94NDC4M&marketplace=FLIPKART&q=mobile&store=tyy&srno=s_2_75&otracker=search&otracker1=search&fm=organic&iid=5f30bcd1-021a-44f2-96f0-d8a2a5557b1c.MOBFV8RYTHGA8BY9.SEARCH&ppt=None&ppn=None&ssid=g4kbd7cpf40000001623470311516&qH=532c28d5412dd75b
https://www.flipkart.com/search?q=mobile&otracker=search&otracker1=search&marketplace=FLIPKART&as-show=on&as=off&page=2,12/06/2021 09:28:29,"POCO C3 (Lime Green, 32 GB)",https://www.flipkart.com/poco-c3-lime-green-32-gb/p/itmdbc41b273ff7c?pid=MOBFVQJ5RMHGCWHF&lid=LSTMOBFVQJ5RMHGCWHFQV9OOD&marketplace=FLIPKART&q=mobile&store=tyy&srno=s_2_76&otracker=search&otracker1=search&fm=organic&iid=5f30bcd1-021a-44f2-96f0-d8a2a5557b1c.MOBFVQJ5RMHGCWHF.SEARCH&ppt=None&ppn=None&ssid=g4kbd7cpf40000001623470311516&qH=532c28d5412dd75b
https://www.flipkart.com/search?q=mobile&otracker=search&otracker1=search&marketplace=FLIPKART&as-show=on&as=off&page=2,12/06/2021 09:28:29,"realme C15 Qualcomm Edition (Power Silver, 64 GB)",https://www.flipkart.com/realme-c15-qualcomm-power-silver-64-gb/p/itm3a3eb609eddb6?pid=MOBFWQC2XF9NZVRA&lid=LSTMOBFWQC2XF9NZVRADODLJY&marketplace=FLIPKART&q=mobile&store=tyy&srno=s_2_77&otracker=search&otracker1=search&fm=organic&iid=5f30bcd1-021a-44f2-96f0-d8a2a5557b1c.MOBFWQC2XF9NZVRA.SEARCH&ppt=None&ppn=None&ssid=g4kbd7cpf40000001623470311516&qH=532c28d5412dd75b
https://www.flipkart.com/search?q=mobile&otracker=search&otracker1=search&marketplace=FLIPKART&as-show=on&as=off&page=2,12/06/2021 09:28:29,"realme C15 Qualcomm Edition (Power Blue, 64 GB)",https://www.flipkart.com/realme-c15-qualcomm-power-blue-64-gb/p/itm3a3eb609eddb6?pid=MOBFWQC2HVPT6WYX&lid=LSTMOBFWQC2HVPT6WYX7GA9RR&marketplace=FLIPKART&q=mobile&store=tyy&srno=s_2_78&otracker=search&otracker1=search&fm=organic&iid=5f30bcd1-021a-44f2-96f0-d8a2a5557b1c.MOBFWQC2HVPT6WYX.SEARCH&ppt=None&ppn=None&ssid=g4kbd7cpf40000001623470311516&qH=532c28d5412dd75b
https://www.flipkart.com/search?q=mobile&otracker=search&otracker1=search&marketplace=FLIPKART&as-show=on&as=off&page=2,12/06/2021 09:28:29,"OPPO A53s 5G (Ink Black, 128 GB)",https://www.flipkart.com/oppo-a53s-5g-ink-black-128-gb/p/itm7dd84770173a5?pid=MOBG25PGGVWXR727&lid=LSTMOBG25PGGVWXR727NUADZM&marketplace=FLIPKART&q=mobile&store=tyy&srno=s_2_79&otracker=search&otracker1=search&fm=organic&iid=5f30bcd1-021a-44f2-96f0-d8a2a5557b1c.MOBG25PGGVWXR727.SEARCH&ppt=None&ppn=None&ssid=g4kbd7cpf40000001623470311516&qH=532c28d5412dd75b
https://www.flipkart.com/search?q=mobile&otracker=search&otracker1=search&marketplace=FLIPKART&as-show=on&as=off&page=2,12/06/2021 09:28:29,"REDMI 9 Prime (Matte Black, 64 GB)",https://www.flipkart.com/redmi-9-prime-matte-black-64-gb/p/itmeeb1764ec0fcf?pid=MOBFUSCC57HCZGKG&lid=LSTMOBFUSCC57HCZGKGQ6TSNL&marketplace=FLIPKART&q=mobile&store=tyy&srno=s_2_80&otracker=search&otracker1=search&fm=organic&iid=5f30bcd1-021a-44f2-96f0-d8a2a5557b1c.MOBFUSCC57HCZGKG.SEARCH&ppt=None&ppn=None&ssid=g4kbd7cpf40000001623470311516&qH=532c28d5412dd75b
https://www.flipkart.com/search?q=mobile&otracker=search&otracker1=search&marketplace=FLIPKART&as-show=on&as=off&page=3,12/06/2021 09:28:29,"OPPO A53s 5G (Crystal Blue, 128 GB)",https://www.flipkart.com/oppo-a53s-5g-crystal-blue-128-gb/p/itm7dd84770173a5?pid=MOBG25PGC3KZKETA&lid=LSTMOBG25PGC3KZKETA7MPWGP&marketplace=FLIPKART&q=mobile&store=tyy&srno=s_3_81&otracker=search&otracker1=search&fm=organic&iid=8f9ee72c-8cb2-4908-b369-10a6f3d1e49d.MOBG25PGC3KZKETA.SEARCH&ppt=None&ppn=None&ssid=yzxekf5kmo0000001623470312429&qH=532c28d5412dd75b
https://www.flipkart.com/search?q=mobile&otracker=search&otracker1=search&marketplace=FLIPKART&as-show=on&as=off&page=3,12/06/2021 09:28:29,BlackZone B310,https://www.flipkart.com/blackzone-b310/p/itmf3debauwugv9w?pid=MOBFWTPYZBZ69H6Z&lid=LSTMOBFWTPYZBZ69H6ZG8YQLQ&marketplace=FLIPKART&q=mobile&store=tyy&srno=s_3_82&otracker=search&otracker1=search&fm=organic&iid=8f9ee72c-8cb2-4908-b369-10a6f3d1e49d.MOBFWTPYZBZ69H6Z.SEARCH&ppt=None&ppn=None&ssid=yzxekf5kmo0000001623470312429&qH=532c28d5412dd75b
https://www.flipkart.com/search?q=mobile&otracker=search&otracker1=search&marketplace=FLIPKART&as-show=on&as=off&page=3,12/06/2021 09:28:29,BlackZone B310,https://www.flipkart.com/blackzone-b310/p/itmf3debauwugv9w?pid=MOBF3CJEWMWDNRYT&lid=LSTMOBF3CJEWMWDNRYTCEWD6S&marketplace=FLIPKART&q=mobile&store=tyy&srno=s_3_83&otracker=search&otracker1=search&fm=organic&iid=8f9ee72c-8cb2-4908-b369-10a6f3d1e49d.MOBF3CJEWMWDNRYT.SEARCH&ppt=None&ppn=None&ssid=yzxekf5kmo0000001623470312429&qH=532c28d5412dd75b
https://www.flipkart.com/search?q=mobile&otracker=search&otracker1=search&marketplace=FLIPKART&as-show=on&as=off&page=3,12/06/2021 09:28:29,"POCO X3 Pro (Graphite Black, 128 GB)",https://www.flipkart.com/poco-x3-pro-graphite-black-128-gb/p/itm736059fa07afb?pid=MOBGFKNFRJDN3DS4&lid=LSTMOBGFKNFRJDN3DS4PPS28U&marketplace=FLIPKART&q=mobile&store=tyy&srno=s_3_84&otracker=search&otracker1=search&fm=organic&iid=8f9ee72c-8cb2-4908-b369-10a6f3d1e49d.MOBGFKNFRJDN3DS4.SEARCH&ppt=None&ppn=None&ssid=yzxekf5kmo0000001623470312429&qH=532c28d5412dd75b
https://www.flipkart.com/search?q=mobile&otracker=search&otracker1=search&marketplace=FLIPKART&as-show=on&as=off&page=3,12/06/2021 09:28:29,SAMSUNG Guru 1200,https://www.flipkart.com/samsung-guru-1200/p/itme6gz6jczu5ygz?pid=MOBDADKKAEHYYA3G&lid=LSTMOBDADKKAEHYYA3GSKWVPY&marketplace=FLIPKART&q=mobile&store=tyy&srno=s_3_85&otracker=search&otracker1=search&fm=organic&iid=8f9ee72c-8cb2-4908-b369-10a6f3d1e49d.MOBDADKKAEHYYA3G.SEARCH&ppt=None&ppn=None&ssid=yzxekf5kmo0000001623470312429&qH=532c28d5412dd75b
https://www.flipkart.com/search?q=mobile&otracker=search&otracker1=search&marketplace=FLIPKART&as-show=on&as=off&page=3,12/06/2021 09:28:29,"ViVO Y12s (Phantom Black, 32 GB)",https://www.flipkart.com/vivo-y12s-phantom-black-32-gb/p/itmf919e62319b1e?pid=MOBFYPJHVKYW3TEK&lid=LSTMOBFYPJHVKYW3TEKEQLF7O&marketplace=FLIPKART&q=mobile&store=tyy&srno=s_3_86&otracker=search&otracker1=search&fm=organic&iid=8f9ee72c-8cb2-4908-b369-10a6f3d1e49d.MOBFYPJHVKYW3TEK.SEARCH&ppt=None&ppn=None&ssid=yzxekf5kmo0000001623470312429&qH=532c28d5412dd75b
https://www.flipkart.com/search?q=mobile&otracker=search&otracker1=search&marketplace=FLIPKART&as-show=on&as=off&page=3,12/06/2021 09:28:29,LAVA A1 Josh,https://www.flipkart.com/lava-a1-josh/p/itmfhknfzqnpf4ah?pid=MOBFGPWGWHVNKGUS&lid=LSTMOBFGPWGWHVNKGUSMYIP53&marketplace=FLIPKART&q=mobile&store=tyy&srno=s_3_87&otracker=search&otracker1=search&fm=organic&iid=8f9ee72c-8cb2-4908-b369-10a6f3d1e49d.MOBFGPWGWHVNKGUS.SEARCH&ppt=None&ppn=None&ssid=yzxekf5kmo0000001623470312429&qH=532c28d5412dd75b
https://www.flipkart.com/search?q=mobile&otracker=search&otracker1=search&marketplace=FLIPKART&as-show=on&as=off&page=3,12/06/2021 09:28:29,LAVA A1 Josh,https://www.flipkart.com/lava-a1-josh/p/itmfhknfzqnpf4ah?pid=MOBFGQRZTZ3KHQYK&lid=LSTMOBFGQRZTZ3KHQYKWWPT14&marketplace=FLIPKART&q=mobile&store=tyy&srno=s_3_88&otracker=search&otracker1=search&fm=organic&iid=8f9ee72c-8cb2-4908-b369-10a6f3d1e49d.MOBFGQRZTZ3KHQYK.SEARCH&ppt=None&ppn=None&ssid=yzxekf5kmo0000001623470312429&qH=532c28d5412dd75b
https://www.flipkart.com/search?q=mobile&otracker=search&otracker1=search&marketplace=FLIPKART&as-show=on&as=off&page=3,12/06/2021 09:28:29,"Infinix Hot 10 (Amber Red, 64 GB)",https://www.flipkart.com/infinix-hot-10-amber-red-64-gb/p/itm05a303fc89d2e?pid=MOBFVX6YHMSDNJZH&lid=LSTMOBFVX6YHMSDNJZHACZZRN&marketplace=FLIPKART&q=mobile&store=tyy&srno=s_3_89&otracker=search&otracker1=search&fm=organic&iid=8f9ee72c-8cb2-4908-b369-10a6f3d1e49d.MOBFVX6YHMSDNJZH.SEARCH&ppt=None&ppn=None&ssid=yzxekf5kmo0000001623470312429&qH=532c28d5412dd75b
https://www.flipkart.com/search?q=mobile&otracker=search&otracker1=search&marketplace=FLIPKART&as-show=on&as=off&page=3,12/06/2021 09:28:29,"Infinix Hot 10 (Moonlight Jade, 64 GB)",https://www.flipkart.com/infinix-hot-10-moonlight-jade-64-gb/p/itm05a303fc89d2e?pid=MOBFVX6YKTBGNRH8&lid=LSTMOBFVX6YKTBGNRH8Z92BPO&marketplace=FLIPKART&q=mobile&store=tyy&srno=s_3_90&otracker=search&otracker1=search&fm=organic&iid=8f9ee72c-8cb2-4908-b369-10a6f3d1e49d.MOBFVX6YKTBGNRH8.SEARCH&ppt=None&ppn=None&ssid=yzxekf5kmo0000001623470312429&qH=532c28d5412dd75b
https://www.flipkart.com/search?q=mobile&otracker=search&otracker1=search&marketplace=FLIPKART&as-show=on&as=off&page=3,12/06/2021 09:28:29,LAVA Gem,https://www.flipkart.com/lava-gem/p/itm77ce2feac253b?pid=MOBFMR92XWMXWMKE&lid=LSTMOBFMR92XWMXWMKEX8E5VN&marketplace=FLIPKART&q=mobile&store=tyy&srno=s_3_91&otracker=search&otracker1=search&fm=organic&iid=8f9ee72c-8cb2-4908-b369-10a6f3d1e49d.MOBFMR92XWMXWMKE.SEARCH&ppt=None&ppn=None&ssid=yzxekf5kmo0000001623470312429&qH=532c28d5412dd75b
https://www.flipkart.com/search?q=mobile&otracker=search&otracker1=search&marketplace=FLIPKART&as-show=on&as=off&page=3,12/06/2021 09:28:29,"SAMSUNG Galaxy M31 (Space Black, 128 GB)",https://www.flipkart.com/samsung-galaxy-m31-space-black-128-gb/p/itmeb29fb2c00580?pid=MOBFPNPS6QGTKBQB&lid=LSTMOBFPNPS6QGTKBQBRBGDRZ&marketplace=FLIPKART&q=mobile&store=tyy&srno=s_3_92&otracker=search&otracker1=search&fm=organic&iid=8f9ee72c-8cb2-4908-b369-10a6f3d1e49d.MOBFPNPS6QGTKBQB.SEARCH&ppt=None&ppn=None&ssid=yzxekf5kmo0000001623470312429&qH=532c28d5412dd75b
https://www.flipkart.com/search?q=mobile&otracker=search&otracker1=search&marketplace=FLIPKART&as-show=on&as=off&page=3,12/06/2021 09:28:29,"POCO M2 Reloaded (Greyish Black, 64 GB)",https://www.flipkart.com/poco-m2-reloaded-greyish-black-64-gb/p/itm5253dd3e8c12a?pid=MOBG25SQ9RSAB8M3&lid=LSTMOBG25SQ9RSAB8M3ZLKLAN&marketplace=FLIPKART&q=mobile&store=tyy&srno=s_3_93&otracker=search&otracker1=search&fm=organic&iid=8f9ee72c-8cb2-4908-b369-10a6f3d1e49d.MOBG25SQ9RSAB8M3.SEARCH&ppt=None&ppn=None&ssid=yzxekf5kmo0000001623470312429&qH=532c28d5412dd75b
https://www.flipkart.com/search?q=mobile&otracker=search&otracker1=search&marketplace=FLIPKART&as-show=on&as=off&page=3,12/06/2021 09:28:29,KARBONN KX3,https://www.flipkart.com/karbonn-kx3/p/itm60cf67471b066?pid=MOBFKVM39K9MDYFV&lid=LSTMOBFKVM39K9MDYFVYMNANT&marketplace=FLIPKART&q=mobile&store=tyy&srno=s_3_94&otracker=search&otracker1=search&fm=organic&iid=8f9ee72c-8cb2-4908-b369-10a6f3d1e49d.MOBFKVM39K9MDYFV.SEARCH&ppt=None&ppn=None&ssid=yzxekf5kmo0000001623470312429&qH=532c28d5412dd75b
https://www.flipkart.com/search?q=mobile&otracker=search&otracker1=search&marketplace=FLIPKART&as-show=on&as=off&page=3,12/06/2021 09:28:29,LAVA Flip,https://www.flipkart.com/lava-flip/p/itm5809bf31cf87a?pid=MOBFX5SWAVQQE4HW&lid=LSTMOBFX5SWAVQQE4HWX32LPE&marketplace=FLIPKART&q=mobile&store=tyy&srno=s_3_95&otracker=search&otracker1=search&fm=organic&iid=8f9ee72c-8cb2-4908-b369-10a6f3d1e49d.MOBFX5SWAVQQE4HW.SEARCH&ppt=None&ppn=None&ssid=yzxekf5kmo0000001623470312429&qH=532c28d5412dd75b
https://www.flipkart.com/search?q=mobile&otracker=search&otracker1=search&marketplace=FLIPKART&as-show=on&as=off&page=3,12/06/2021 09:28:29,LAVA Flip,https://www.flipkart.com/lava-flip/p/itm5809bf31cf87a?pid=MOBFX4T3ZFMNA7JF&lid=LSTMOBFX4T3ZFMNA7JFOMFYHM&marketplace=FLIPKART&q=mobile&store=tyy&srno=s_3_96&otracker=search&otracker1=search&fm=organic&iid=8f9ee72c-8cb2-4908-b369-10a6f3d1e49d.MOBFX4T3ZFMNA7JF.SEARCH&ppt=None&ppn=None&ssid=yzxekf5kmo0000001623470312429&qH=532c28d5412dd75b
https://www.flipkart.com/search?q=mobile&otracker=search&otracker1=search&marketplace=FLIPKART&as-show=on&as=off&page=3,12/06/2021 09:28:29,Nokia 110 TA-1302 DS,https://www.flipkart.com/nokia-110-ta-1302-ds/p/itm77809937398d9?pid=MOBFHB83ZFUZXHYW&lid=LSTMOBFHB83ZFUZXHYW0SEX5J&marketplace=FLIPKART&q=mobile&store=tyy&srno=s_3_97&otracker=search&otracker1=search&fm=organic&iid=8f9ee72c-8cb2-4908-b369-10a6f3d1e49d.MOBFHB83ZFUZXHYW.SEARCH&ppt=None&ppn=None&ssid=yzxekf5kmo0000001623470312429&qH=532c28d5412dd75b
https://www.flipkart.com/search?q=mobile&otracker=search&otracker1=search&marketplace=FLIPKART&as-show=on&as=off&page=3,12/06/2021 09:28:29,"realme 8 5G (Supersonic Black, 64 GB)",https://www.flipkart.com/realme-8-5g-supersonic-black-64-gb/p/itm8a548578d136e?pid=MOBG2CE4ZTA8VKWP&lid=LSTMOBG2CE4ZTA8VKWP3CPGXC&marketplace=FLIPKART&q=mobile&store=tyy&srno=s_3_98&otracker=search&otracker1=search&fm=organic&iid=8f9ee72c-8cb2-4908-b369-10a6f3d1e49d.MOBG2CE4ZTA8VKWP.SEARCH&ppt=None&ppn=None&ssid=yzxekf5kmo0000001623470312429&qH=532c28d5412dd75b
https://www.flipkart.com/search?q=mobile&otracker=search&otracker1=search&marketplace=FLIPKART&as-show=on&as=off&page=3,12/06/2021 09:28:29,Kechaoda K112,https://www.flipkart.com/kechaoda-k112/p/itmf3qzutndjrsrb?pid=MOBF3MG3DFJ2XEZR&lid=LSTMOBF3MG3DFJ2XEZRN3ESYZ&marketplace=FLIPKART&q=mobile&store=tyy&srno=s_3_99&otracker=search&otracker1=search&fm=organic&iid=8f9ee72c-8cb2-4908-b369-10a6f3d1e49d.MOBF3MG3DFJ2XEZR.SEARCH&ppt=None&ppn=None&ssid=yzxekf5kmo0000001623470312429&qH=532c28d5412dd75b
https://www.flipkart.com/search?q=mobile&otracker=search&otracker1=search&marketplace=FLIPKART&as-show=on&as=off&page=3,12/06/2021 09:28:29,"POCO M2 (Pitch Black, 64 GB)",https://www.flipkart.com/poco-m2-pitch-black-64-gb/p/itm630300707d0a5?pid=MOBFV9V92KHMFCVF&lid=LSTMOBFV9V92KHMFCVFNE9QXF&marketplace=FLIPKART&q=mobile&store=tyy&srno=s_3_100&otracker=search&otracker1=search&fm=organic&iid=8f9ee72c-8cb2-4908-b369-10a6f3d1e49d.MOBFV9V92KHMFCVF.SEARCH&ppt=None&ppn=None&ssid=yzxekf5kmo0000001623470312429&qH=532c28d5412dd75b
https://www.flipkart.com/search?q=mobile&otracker=search&otracker1=search&marketplace=FLIPKART&as-show=on&as=off&page=3,12/06/2021 09:28:29,"REDMI 9 Power (Fiery Red, 64 GB)",https://www.flipkart.com/redmi-9-power-fiery-red-64-gb/p/itmcd78b9bc04aa9?pid=MOBFYZF8XVSHPK5M&lid=LSTMOBFYZF8XVSHPK5MMUYMJE&marketplace=FLIPKART&q=mobile&store=tyy&srno=s_3_101&otracker=search&otracker1=search&fm=organic&iid=8f9ee72c-8cb2-4908-b369-10a6f3d1e49d.MOBFYZF8XVSHPK5M.SEARCH&ppt=None&ppn=None&ssid=yzxekf5kmo0000001623470312429&qH=532c28d5412dd75b
https://www.flipkart.com/search?q=mobile&otracker=search&otracker1=search&marketplace=FLIPKART&as-show=on&as=off&page=3,12/06/2021 09:28:29,"OPPO A53 (Mint Cream, 128 GB)",https://www.flipkart.com/oppo-a53-mint-cream-128-gb/p/itm95cd35d571400?pid=MOBGFBXG6MCWMGUV&lid=LSTMOBGFBXG6MCWMGUVE2IAZ3&marketplace=FLIPKART&q=mobile&store=tyy&srno=s_3_102&otracker=search&otracker1=search&fm=organic&iid=8f9ee72c-8cb2-4908-b369-10a6f3d1e49d.MOBGFBXG6MCWMGUV.SEARCH&ppt=None&ppn=None&ssid=yzxekf5kmo0000001623470312429&qH=532c28d5412dd75b
https://www.flipkart.com/search?q=mobile&otracker=search&otracker1=search&marketplace=FLIPKART&as-show=on&as=off&page=3,12/06/2021 09:28:29,"MOTOROLA E7 Power (Tahiti Blue, 32 GB)",https://www.flipkart.com/motorola-e7-power-tahiti-blue-32-gb/p/itma02602f17ee58?pid=MOBFVH62YREWQYFZ&lid=LSTMOBFVH62YREWQYFZHR6ETR&marketplace=FLIPKART&q=mobile&store=tyy&srno=s_3_103&otracker=search&otracker1=search&fm=organic&iid=8f9ee72c-8cb2-4908-b369-10a6f3d1e49d.MOBFVH62YREWQYFZ.SEARCH&ppt=None&ppn=None&ssid=yzxekf5kmo0000001623470312429&qH=532c28d5412dd75b
https://www.flipkart.com/search?q=mobile&otracker=search&otracker1=search&marketplace=FLIPKART&as-show=on&as=off&page=3,12/06/2021 09:28:29,GFive A2,https://www.flipkart.com/gfive-a2/p/itmfdyx9ceh6ccs7?pid=MOBFWMVKQNZZF6VQ&lid=LSTMOBFWMVKQNZZF6VQB9L0FB&marketplace=FLIPKART&q=mobile&store=tyy&srno=s_3_104&otracker=search&otracker1=search&fm=organic&iid=8f9ee72c-8cb2-4908-b369-10a6f3d1e49d.MOBFWMVKQNZZF6VQ.SEARCH&ppt=None&ppn=None&ssid=yzxekf5kmo0000001623470312429&qH=532c28d5412dd75b
https://www.flipkart.com/search?q=mobile&otracker=search&otracker1=search&marketplace=FLIPKART&as-show=on&as=off&page=3,12/06/2021 09:28:29,"MOTOROLA G60 (Dynamic Gray, 128 GB)",https://www.flipkart.com/motorola-g60-dynamic-gray-128-gb/p/itmf1d5d2978289e?pid=MOBFWSF8U37QFQGK&lid=LSTMOBFWSF8U37QFQGKG9BJEQ&marketplace=FLIPKART&q=mobile&store=tyy&srno=s_3_105&otracker=search&otracker1=search&fm=organic&iid=8f9ee72c-8cb2-4908-b369-10a6f3d1e49d.MOBFWSF8U37QFQGK.SEARCH&ppt=None&ppn=None&ssid=yzxekf5kmo0000001623470312429&qH=532c28d5412dd75b
https://www.flipkart.com/search?q=mobile&otracker=search&otracker1=search&marketplace=FLIPKART&as-show=on&as=off&page=3,12/06/2021 09:28:29,"Infinix Hot 10 (Ocean Wave, 64 GB)",https://www.flipkart.com/infinix-hot-10-ocean-wave-64-gb/p/itm05a303fc89d2e?pid=MOBFVX6YBEHWPYZD&lid=LSTMOBFVX6YBEHWPYZDKO5EKC&marketplace=FLIPKART&q=mobile&store=tyy&srno=s_3_106&otracker=search&otracker1=search&fm=organic&iid=8f9ee72c-8cb2-4908-b369-10a6f3d1e49d.MOBFVX6YBEHWPYZD.SEARCH&ppt=None&ppn=None&ssid=yzxekf5kmo0000001623470312429&qH=532c28d5412dd75b
https://www.flipkart.com/search?q=mobile&otracker=search&otracker1=search&marketplace=FLIPKART&as-show=on&as=off&page=3,12/06/2021 09:28:29,"Infinix Hot 10 (Obsidian Black, 64 GB)",https://www.flipkart.com/infinix-hot-10-obsidian-black-64-gb/p/itm05a303fc89d2e?pid=MOBFVX6Y7DPSHEKZ&lid=LSTMOBFVX6Y7DPSHEKZE7FXEC&marketplace=FLIPKART&q=mobile&store=tyy&srno=s_3_107&otracker=search&otracker1=search&fm=organic&iid=8f9ee72c-8cb2-4908-b369-10a6f3d1e49d.MOBFVX6Y7DPSHEKZ.SEARCH&ppt=None&ppn=None&ssid=yzxekf5kmo0000001623470312429&qH=532c28d5412dd75b
https://www.flipkart.com/search?q=mobile&otracker=search&otracker1=search&marketplace=FLIPKART&as-show=on&as=off&page=3,12/06/2021 09:28:29,LAVA A3,https://www.flipkart.com/lava-a3/p/itma768345a8b2ca?pid=MOBFFTG39EVNDGH8&lid=LSTMOBFFTG39EVNDGH8XSEZM3&marketplace=FLIPKART&q=mobile&store=tyy&srno=s_3_108&otracker=search&otracker1=search&fm=organic&iid=8f9ee72c-8cb2-4908-b369-10a6f3d1e49d.MOBFFTG39EVNDGH8.SEARCH&ppt=None&ppn=None&ssid=yzxekf5kmo0000001623470312429&qH=532c28d5412dd75b
https://www.flipkart.com/search?q=mobile&otracker=search&otracker1=search&marketplace=FLIPKART&as-show=on&as=off&page=3,12/06/2021 09:28:29,"SAMSUNG Galaxy F41 (Fusion Green, 128 GB)",https://www.flipkart.com/samsung-galaxy-f41-fusion-green-128-gb/p/itma41850a2f9e19?pid=MOBFV5PWEX7WJS7R&lid=LSTMOBFV5PWEX7WJS7RBAY0T5&marketplace=FLIPKART&q=mobile&store=tyy&srno=s_3_109&otracker=search&otracker1=search&fm=organic&iid=8f9ee72c-8cb2-4908-b369-10a6f3d1e49d.MOBFV5PWEX7WJS7R.SEARCH&ppt=None&ppn=None&ssid=yzxekf5kmo0000001623470312429&qH=532c28d5412dd75b
https://www.flipkart.com/search?q=mobile&otracker=search&otracker1=search&marketplace=FLIPKART&as-show=on&as=off&page=3,12/06/2021 09:28:29,SAMSUNG Guru FM Plus,https://www.flipkart.com/samsung-guru-fm-plus/p/itmf54p4tddnyf6a?pid=MOBF54P4Y285GZ4Y&lid=LSTMOBF54P4Y285GZ4YAHATPO&marketplace=FLIPKART&q=mobile&store=tyy&srno=s_3_110&otracker=search&otracker1=search&fm=organic&iid=8f9ee72c-8cb2-4908-b369-10a6f3d1e49d.MOBF54P4Y285GZ4Y.SEARCH&ppt=None&ppn=None&ssid=yzxekf5kmo0000001623470312429&qH=532c28d5412dd75b
https://www.flipkart.com/search?q=mobile&otracker=search&otracker1=search&marketplace=FLIPKART&as-show=on&as=off&page=3,12/06/2021 09:28:29,Nokia 105,https://www.flipkart.com/nokia-105/p/itmfb0cce8565fe6?pid=MOBE45V5YVGFHBZH&lid=LSTMOBE45V5YVGFHBZHUSGIKH&marketplace=FLIPKART&q=mobile&store=tyy&srno=s_3_111&otracker=search&otracker1=search&fm=organic&iid=8f9ee72c-8cb2-4908-b369-10a6f3d1e49d.MOBE45V5YVGFHBZH.SEARCH&ppt=None&ppn=None&ssid=yzxekf5kmo0000001623470312429&qH=532c28d5412dd75b
https://www.flipkart.com/search?q=mobile&otracker=search&otracker1=search&marketplace=FLIPKART&as-show=on&as=off&page=3,12/06/2021 09:28:29,"Infinix Hot 10S (95° Black, 64 GB)",https://www.flipkart.com/infinix-hot-10s-95-black-64-gb/p/itm3a70709f4ec55?pid=MOBG2T89RJKSVZBG&lid=LSTMOBG2T89RJKSVZBGHLYDPL&marketplace=FLIPKART&q=mobile&store=tyy&srno=s_3_112&otracker=search&otracker1=search&fm=organic&iid=8f9ee72c-8cb2-4908-b369-10a6f3d1e49d.MOBG2T89RJKSVZBG.SEARCH&ppt=None&ppn=None&ssid=yzxekf5kmo0000001623470312429&qH=532c28d5412dd75b
https://www.flipkart.com/search?q=mobile&otracker=search&otracker1=search&marketplace=FLIPKART&as-show=on&as=off&page=3,12/06/2021 09:28:29,"OPPO A33 (Moonlight Black, 32 GB)",https://www.flipkart.com/oppo-a33-moonlight-black-32-gb/p/itmec568a00f8945?pid=MOBFWQBWVGZYRGSR&lid=LSTMOBFWQBWVGZYRGSRWDNHUV&marketplace=FLIPKART&q=mobile&store=tyy&srno=s_3_113&otracker=search&otracker1=search&fm=organic&iid=8f9ee72c-8cb2-4908-b369-10a6f3d1e49d.MOBFWQBWVGZYRGSR.SEARCH&ppt=None&ppn=None&ssid=yzxekf5kmo0000001623470312429&qH=532c28d5412dd75b
https://www.flipkart.com/search?q=mobile&otracker=search&otracker1=search&marketplace=FLIPKART&as-show=on&as=off&page=3,12/06/2021 09:28:29,"Infinix Smart 4 Plus (Midnight Black, 32 GB)",https://www.flipkart.com/infinix-smart-4-plus-midnight-black-32-gb/p/itmd387f45cb474a?pid=MOBFTGWBCSZ3QGJW&lid=LSTMOBFTGWBCSZ3QGJWRNJBND&marketplace=FLIPKART&q=mobile&store=tyy&srno=s_3_114&otracker=search&otracker1=search&fm=organic&iid=8f9ee72c-8cb2-4908-b369-10a6f3d1e49d.MOBFTGWBCSZ3QGJW.SEARCH&ppt=None&ppn=None&ssid=yzxekf5kmo0000001623470312429&qH=532c28d5412dd75b
https://www.flipkart.com/search?q=mobile&otracker=search&otracker1=search&marketplace=FLIPKART&as-show=on&as=off&page=3,12/06/2021 09:28:29,"Infinix Smart 4 Plus (Quetzal Cyan, 32 GB)",https://www.flipkart.com/infinix-smart-4-plus-quetzal-cyan-32-gb/p/itmd387f45cb474a?pid=MOBFV7T5SGFERDQB&lid=LSTMOBFV7T5SGFERDQBA3OXC3&marketplace=FLIPKART&q=mobile&store=tyy&srno=s_3_115&otracker=search&otracker1=search&fm=organic&iid=8f9ee72c-8cb2-4908-b369-10a6f3d1e49d.MOBFV7T5SGFERDQB.SEARCH&ppt=None&ppn=None&ssid=yzxekf5kmo0000001623470312429&qH=532c28d5412dd75b
https://www.flipkart.com/search?q=mobile&otracker=search&otracker1=search&marketplace=FLIPKART&as-show=on&as=off&page=3,12/06/2021 09:28:29,KARBONN Jumbo K9,https://www.flipkart.com/karbonn-jumbo-k9/p/itm17b5c12bc3f48?pid=MOBDYBGBJHVZD2DX&lid=LSTMOBDYBGBJHVZD2DXAGPAT6&marketplace=FLIPKART&q=mobile&store=tyy&srno=s_3_116&otracker=search&otracker1=search&fm=organic&iid=8f9ee72c-8cb2-4908-b369-10a6f3d1e49d.MOBDYBGBJHVZD2DX.SEARCH&ppt=None&ppn=None&ssid=yzxekf5kmo0000001623470312429&qH=532c28d5412dd75b
https://www.flipkart.com/search?q=mobile&otracker=search&otracker1=search&marketplace=FLIPKART&as-show=on&as=off&page=3,12/06/2021 09:28:29,"OPPO A53 (Moonlight Black, 128 GB)",https://www.flipkart.com/oppo-a53-moonlight-black-128-gb/p/itmf59942b768c29?pid=MOBGFBXGGBT7R94Y&lid=LSTMOBGFBXGGBT7R94Y7EF2EV&marketplace=FLIPKART&q=mobile&store=tyy&srno=s_3_117&otracker=search&otracker1=search&fm=organic&iid=8f9ee72c-8cb2-4908-b369-10a6f3d1e49d.MOBGFBXGGBT7R94Y.SEARCH&ppt=None&ppn=None&ssid=yzxekf5kmo0000001623470312429&qH=532c28d5412dd75b
https://www.flipkart.com/search?q=mobile&otracker=search&otracker1=search&marketplace=FLIPKART&as-show=on&as=off&page=3,12/06/2021 09:28:29,"OPPO A53 (Moonlight Black, 64 GB)",https://www.flipkart.com/oppo-a53-moonlight-black-64-gb/p/itmf59942b768c29?pid=MOBG2J9ECFZVPQAP&lid=LSTMOBG2J9ECFZVPQAPCAGFAK&marketplace=FLIPKART&q=mobile&store=tyy&srno=s_3_118&otracker=search&otracker1=search&fm=organic&iid=8f9ee72c-8cb2-4908-b369-10a6f3d1e49d.MOBG2J9ECFZVPQAP.SEARCH&ppt=None&ppn=None&ssid=yzxekf5kmo0000001623470312429&qH=532c28d5412dd75b
https://www.flipkart.com/search?q=mobile&otracker=search&otracker1=search&marketplace=FLIPKART&as-show=on&as=off&page=3,12/06/2021 09:28:29,"Redmi 9 (Sky Blue, 64 GB)",https://www.flipkart.com/redmi-9-sky-blue-64-gb/p/itm4fb151383983b?pid=MOBFV5FPUS8UHG9H&lid=LSTMOBFV5FPUS8UHG9HPZJUU9&marketplace=FLIPKART&q=mobile&store=tyy&srno=s_3_119&otracker=search&otracker1=search&fm=organic&iid=8f9ee72c-8cb2-4908-b369-10a6f3d1e49d.MOBFV5FPUS8UHG9H.SEARCH&ppt=None&ppn=None&ssid=yzxekf5kmo0000001623470312429&qH=532c28d5412dd75b
https://www.flipkart.com/search?q=mobile&otracker=search&otracker1=search&marketplace=FLIPKART&as-show=on&as=off&page=3,12/06/2021 09:28:29,"Redmi 9 (Sporty Orange, 64 GB)",https://www.flipkart.com/redmi-9-sporty-orange-64-gb/p/itm4fb151383983b?pid=MOBFV5FPCJC9ZKRB&lid=LSTMOBFV5FPCJC9ZKRBPHFKQZ&marketplace=FLIPKART&q=mobile&store=tyy&srno=s_3_120&otracker=search&otracker1=search&fm=organic&iid=8f9ee72c-8cb2-4908-b369-10a6f3d1e49d.MOBFV5FPCJC9ZKRB.SEARCH&ppt=None&ppn=None&ssid=yzxekf5kmo0000001623470312429&qH=532c28d5412dd75b
